,launcher.name,launcher._target_,launcher.start_method,backend.name,backend.version,backend._target_,backend.seed,backend.inter_op_num_threads,backend.intra_op_num_threads,backend.continuous_isolation,backend.isolation_check_interval,backend.delete_cache,backend.no_weights,backend.device_map,backend.torch_dtype,backend.eval_mode,backend.disable_grad,backend.amp_autocast,backend.amp_dtype,backend.torch_compile,backend.to_bettertransformer,backend.use_flash_attention_2,backend.quantization_scheme,backend.data_parallel,backend.deepspeed_inference,backend.peft_strategy,benchmark.name,benchmark._target_,benchmark.duration,benchmark.warmup_runs,benchmark.memory,benchmark.energy,benchmark.input_shapes.batch_size,benchmark.input_shapes.sequence_length,benchmark.input_shapes.num_choices,benchmark.input_shapes.feature_size,benchmark.input_shapes.nb_max_frames,benchmark.input_shapes.audio_sequence_length,benchmark.new_tokens,benchmark.can_diffuse,benchmark.can_generate,benchmark.generate_kwargs.num_return_sequences,benchmark.generate_kwargs.max_new_tokens,benchmark.generate_kwargs.min_new_tokens,benchmark.generate_kwargs.do_sample,benchmark.generate_kwargs.use_cache,benchmark.generate_kwargs.pad_token_id,benchmark.generate_kwargs.num_beams,experiment_name,model,task,device,hub_kwargs.revision,hub_kwargs.cache_dir,hub_kwargs.force_download,hub_kwargs.local_files_only,environment.optimum_version,environment.optimum_commit,environment.transformers_version,environment.transformers_commit,environment.accelerate_version,environment.accelerate_commit,environment.diffusers_version,environment.diffusers_commit,environment.python_version,environment.system,environment.cpu,environment.cpu_count,environment.cpu_ram_mb,environment.gpus,forward.latency(s),forward.throughput(samples/s),forward.peak_memory(MB),forward.max_memory_used(MB),forward.max_memory_allocated(MB),forward.max_memory_reserved(MB),generate.latency(s),generate.throughput(tokens/s),decode.latency(s),decode.throughput(tokens/s),generate.peak_memory(MB),generate.max_memory_used(MB),generate.max_memory_allocated(MB),generate.max_memory_reserved(MB),backend.quantization_config.exllama_config.version
0,process,optimum_benchmark.launchers.process.launcher.ProcessLauncher,spawn,pytorch,2.1.1+cu118,optimum_benchmark.backends.pytorch.backend.PyTorchBackend,42,,,True,1.0,False,True,,float16,True,True,False,,False,False,False,,False,False,,inference,optimum_benchmark.benchmarks.inference.benchmark.InferenceBenchmark,10,10,True,False,1,256,1,80,3000,16000,512,False,True,1,512,512,False,True,0,1,fp16,NousResearch/Llama-2-7b-hf,text-generation,cuda,main,,False,False,1.14.1,,4.35.2,,0.24.1,,,,3.10.12,Linux, AMD EPYC 7742 64-Core Processor,128,540671,['NVIDIA A100-SXM4-80GB'],0.0336,29.8,15239,15239,13738,13767,13.2,38.8,13.2,38.7,15954,15954,14356,14480,
1,process,optimum_benchmark.launchers.process.launcher.ProcessLauncher,spawn,pytorch,2.1.1+cu118,optimum_benchmark.backends.pytorch.backend.PyTorchBackend,42,,,True,1.0,False,True,,float16,True,True,False,,False,False,False,,False,False,,inference,optimum_benchmark.benchmarks.inference.benchmark.InferenceBenchmark,10,10,True,False,4,256,1,80,3000,16000,512,False,True,1,512,512,False,True,0,1,fp16,NousResearch/Llama-2-7b-hf,text-generation,cuda,main,,False,False,1.14.1,,4.35.2,,0.24.1,,,,3.10.12,Linux, AMD EPYC 7742 64-Core Processor,128,540671,['NVIDIA A100-SXM4-80GB'],0.109,36.7,16107,16107,14295,14636,13.8,148.0,13.7,149.0,26434,26434,16774,24960,
2,process,optimum_benchmark.launchers.process.launcher.ProcessLauncher,spawn,pytorch,2.1.1+cu118,optimum_benchmark.backends.pytorch.backend.PyTorchBackend,42,,,True,1.0,False,True,,float16,True,True,False,,False,False,False,,False,False,,inference,optimum_benchmark.benchmarks.inference.benchmark.InferenceBenchmark,10,10,True,False,32,256,1,80,3000,16000,512,False,True,1,512,512,False,True,0,1,fp16,NousResearch/Llama-2-7b-hf,text-generation,cuda,main,,False,False,1.14.1,,4.35.2,,0.24.1,,,,3.10.12,Linux, AMD EPYC 7742 64-Core Processor,128,540671,['NVIDIA A100-SXM4-80GB'],0.826,38.7,23464,23464,19487,21992,27.2,602.0,26.4,619.0,53264,53264,39331,84422,
3,process,optimum_benchmark.launchers.process.launcher.ProcessLauncher,spawn,pytorch,2.1.1+cu118,optimum_benchmark.backends.pytorch.backend.PyTorchBackend,42,,,True,1.0,False,True,,float16,True,True,False,,False,False,False,,False,False,,inference,optimum_benchmark.benchmarks.inference.benchmark.InferenceBenchmark,10,10,True,False,64,256,1,80,3000,16000,512,False,True,1,512,512,False,True,0,1,fp16,NousResearch/Llama-2-7b-hf,text-generation,cuda,main,,False,False,1.14.1,,4.35.2,,0.24.1,,,,3.10.12,Linux, AMD EPYC 7742 64-Core Processor,128,540671,['NVIDIA A100-SXM4-80GB'],1.65,38.8,31911,31911,25422,30440,45.9,714.0,44.2,740.0,67584,67584,65112,84420,
4,process,optimum_benchmark.launchers.process.launcher.ProcessLauncher,spawn,pytorch,2.1.1+cu118,optimum_benchmark.backends.pytorch.backend.PyTorchBackend,42,,,True,1.0,False,True,,float16,True,True,False,,False,False,False,,False,False,,inference,optimum_benchmark.benchmarks.inference.benchmark.InferenceBenchmark,10,10,True,False,8,256,1,80,3000,16000,512,False,True,1,512,512,False,True,0,1,fp16,NousResearch/Llama-2-7b-hf,text-generation,cuda,main,,False,False,1.14.1,,4.35.2,,0.24.1,,,,3.10.12,Linux, AMD EPYC 7742 64-Core Processor,128,540671,['NVIDIA A100-SXM4-80GB'],0.21,38.1,17172,17172,15037,15701,14.1,290.0,13.9,294.0,64977,64977,19997,63503,
5,process,optimum_benchmark.launchers.process.launcher.ProcessLauncher,spawn,pytorch,2.1.1+cu118,optimum_benchmark.backends.pytorch.backend.PyTorchBackend,42,,,True,1.0,False,True,,float16,True,True,False,,False,False,False,,False,False,,inference,optimum_benchmark.benchmarks.inference.benchmark.InferenceBenchmark,10,10,True,False,16,256,1,80,3000,16000,512,False,True,1,512,512,False,True,0,1,fp16,NousResearch/Llama-2-7b-hf,text-generation,cuda,main,,False,False,1.14.1,,4.35.2,,0.24.1,,,,3.10.12,Linux, AMD EPYC 7742 64-Core Processor,128,540671,['NVIDIA A100-SXM4-80GB'],0.412,38.8,19251,19251,16520,17779,17.5,468.0,17.1,478.0,28076,28076,26442,84420,
6,process,optimum_benchmark.launchers.process.launcher.ProcessLauncher,spawn,pytorch,2.1.1+cu118,optimum_benchmark.backends.pytorch.backend.PyTorchBackend,42,,,True,1.0,False,True,,float16,True,True,False,,False,False,False,,False,False,,inference,optimum_benchmark.benchmarks.inference.benchmark.InferenceBenchmark,10,10,True,False,2,256,1,80,3000,16000,512,False,True,1,512,512,False,True,0,1,fp16,NousResearch/Llama-2-7b-hf,text-generation,cuda,main,,False,False,1.14.1,,4.35.2,,0.24.1,,,,3.10.12,Linux, AMD EPYC 7742 64-Core Processor,128,540671,['NVIDIA A100-SXM4-80GB'],0.059,33.9,15478,15478,13924,14006,13.5,75.9,13.4,76.3,17091,17091,15162,15617,
7,process,optimum_benchmark.launchers.process.launcher.ProcessLauncher,spawn,pytorch,2.1.1+cu118,optimum_benchmark.backends.pytorch.backend.PyTorchBackend,42,,,True,1.0,False,True,,float16,True,True,False,,False,True,False,,False,False,,inference,optimum_benchmark.benchmarks.inference.benchmark.InferenceBenchmark,10,10,True,False,1,256,1,80,3000,16000,512,False,True,1,512,512,False,True,0,1,fp16+bt,NousResearch/Llama-2-7b-hf,text-generation,cuda,main,,False,False,1.14.1,,4.35.2,,0.24.1,,,,3.10.12,Linux, AMD EPYC 7742 64-Core Processor,128,540671,['NVIDIA A100-SXM4-80GB'],0.0318,31.4,15239,15239,13738,13767,12.2,42.0,12.2,41.9,15954,15954,14356,14480,
8,process,optimum_benchmark.launchers.process.launcher.ProcessLauncher,spawn,pytorch,2.1.1+cu118,optimum_benchmark.backends.pytorch.backend.PyTorchBackend,42,,,True,1.0,False,True,,float16,True,True,False,,False,True,False,,False,False,,inference,optimum_benchmark.benchmarks.inference.benchmark.InferenceBenchmark,10,10,True,False,4,256,1,80,3000,16000,512,False,True,1,512,512,False,True,0,1,fp16+bt,NousResearch/Llama-2-7b-hf,text-generation,cuda,main,,False,False,1.14.1,,4.35.2,,0.24.1,,,,3.10.12,Linux, AMD EPYC 7742 64-Core Processor,128,540671,['NVIDIA A100-SXM4-80GB'],0.104,38.5,16093,16093,14295,14621,13.1,156.0,13.0,157.0,26457,26457,16774,24983,
9,process,optimum_benchmark.launchers.process.launcher.ProcessLauncher,spawn,pytorch,2.1.1+cu118,optimum_benchmark.backends.pytorch.backend.PyTorchBackend,42,,,True,1.0,False,True,,float16,True,True,False,,False,True,False,,False,False,,inference,optimum_benchmark.benchmarks.inference.benchmark.InferenceBenchmark,10,10,True,False,32,256,1,80,3000,16000,512,False,True,1,512,512,False,True,0,1,fp16+bt,NousResearch/Llama-2-7b-hf,text-generation,cuda,main,,False,False,1.14.1,,4.35.2,,0.24.1,,,,3.10.12,Linux, AMD EPYC 7742 64-Core Processor,128,540671,['NVIDIA A100-SXM4-80GB'],0.804,39.8,23334,23334,19487,21862,27.3,600.0,26.5,617.0,53531,53531,39331,84408,
10,process,optimum_benchmark.launchers.process.launcher.ProcessLauncher,spawn,pytorch,2.1.1+cu118,optimum_benchmark.backends.pytorch.backend.PyTorchBackend,42,,,True,1.0,False,True,,float16,True,True,False,,False,True,False,,False,False,,inference,optimum_benchmark.benchmarks.inference.benchmark.InferenceBenchmark,10,10,True,False,64,256,1,80,3000,16000,512,False,True,1,512,512,False,True,0,1,fp16+bt,NousResearch/Llama-2-7b-hf,text-generation,cuda,main,,False,False,1.14.1,,4.35.2,,0.24.1,,,,3.10.12,Linux, AMD EPYC 7742 64-Core Processor,128,540671,['NVIDIA A100-SXM4-80GB'],1.65,38.8,31651,31651,25422,30180,46.7,702.0,45.1,725.0,66915,66915,65111,84420,
11,process,optimum_benchmark.launchers.process.launcher.ProcessLauncher,spawn,pytorch,2.1.1+cu118,optimum_benchmark.backends.pytorch.backend.PyTorchBackend,42,,,True,1.0,False,True,,float16,True,True,False,,False,True,False,,False,False,,inference,optimum_benchmark.benchmarks.inference.benchmark.InferenceBenchmark,10,10,True,False,8,256,1,80,3000,16000,512,False,True,1,512,512,False,True,0,1,fp16+bt,NousResearch/Llama-2-7b-hf,text-generation,cuda,main,,False,False,1.14.1,,4.35.2,,0.24.1,,,,3.10.12,Linux, AMD EPYC 7742 64-Core Processor,128,540671,['NVIDIA A100-SXM4-80GB'],0.2,40.0,17143,17143,15037,15672,13.3,308.0,13.1,312.0,65229,65229,19997,63755,
12,process,optimum_benchmark.launchers.process.launcher.ProcessLauncher,spawn,pytorch,2.1.1+cu118,optimum_benchmark.backends.pytorch.backend.PyTorchBackend,42,,,True,1.0,False,True,,float16,True,True,False,,False,True,False,,False,False,,inference,optimum_benchmark.benchmarks.inference.benchmark.InferenceBenchmark,10,10,True,False,16,256,1,80,3000,16000,512,False,True,1,512,512,False,True,0,1,fp16+bt,NousResearch/Llama-2-7b-hf,text-generation,cuda,main,,False,False,1.14.1,,4.35.2,,0.24.1,,,,3.10.12,Linux, AMD EPYC 7742 64-Core Processor,128,540671,['NVIDIA A100-SXM4-80GB'],0.4,40.0,19186,19186,16520,17714,17.4,471.0,17.0,481.0,28109,28109,26441,84410,
13,process,optimum_benchmark.launchers.process.launcher.ProcessLauncher,spawn,pytorch,2.1.1+cu118,optimum_benchmark.backends.pytorch.backend.PyTorchBackend,42,,,True,1.0,False,True,,float16,True,True,False,,False,True,False,,False,False,,inference,optimum_benchmark.benchmarks.inference.benchmark.InferenceBenchmark,10,10,True,False,2,256,1,80,3000,16000,512,False,True,1,512,512,False,True,0,1,fp16+bt,NousResearch/Llama-2-7b-hf,text-generation,cuda,main,,False,False,1.14.1,,4.35.2,,0.24.1,,,,3.10.12,Linux, AMD EPYC 7742 64-Core Processor,128,540671,['NVIDIA A100-SXM4-80GB'],0.0558,35.8,15470,15470,13924,13998,12.7,80.6,12.6,81.1,17087,17087,15162,15613,
14,process,optimum_benchmark.launchers.process.launcher.ProcessLauncher,spawn,pytorch,2.1.1+cu118,optimum_benchmark.backends.pytorch.backend.PyTorchBackend,42,,,True,1.0,False,True,,float16,True,True,False,,False,False,True,,False,False,,inference,optimum_benchmark.benchmarks.inference.benchmark.InferenceBenchmark,10,10,True,False,1,256,1,80,3000,16000,512,False,True,1,512,512,False,True,0,1,fp16+fa2,NousResearch/Llama-2-7b-hf,text-generation,cuda,main,,False,False,1.14.1,,4.35.2,,0.24.1,,,,3.10.12,Linux, AMD EPYC 7742 64-Core Processor,128,540671,['NVIDIA A100-SXM4-80GB'],0.0321,31.2,15239,15239,13738,13767,12.2,42.0,12.2,41.9,15954,15954,14356,14480,
15,process,optimum_benchmark.launchers.process.launcher.ProcessLauncher,spawn,pytorch,2.1.1+cu118,optimum_benchmark.backends.pytorch.backend.PyTorchBackend,42,,,True,1.0,False,True,,float16,True,True,False,,False,False,True,,False,False,,inference,optimum_benchmark.benchmarks.inference.benchmark.InferenceBenchmark,10,10,True,False,4,256,1,80,3000,16000,512,False,True,1,512,512,False,True,0,1,fp16+fa2,NousResearch/Llama-2-7b-hf,text-generation,cuda,main,,False,False,1.14.1,,4.35.2,,0.24.1,,,,3.10.12,Linux, AMD EPYC 7742 64-Core Processor,128,540671,['NVIDIA A100-SXM4-80GB'],0.104,38.5,16097,16097,14295,14625,12.7,161.0,12.6,162.0,26268,26268,16774,24794,
16,process,optimum_benchmark.launchers.process.launcher.ProcessLauncher,spawn,pytorch,2.1.1+cu118,optimum_benchmark.backends.pytorch.backend.PyTorchBackend,42,,,True,1.0,False,True,,float16,True,True,False,,False,False,True,,False,False,,inference,optimum_benchmark.benchmarks.inference.benchmark.InferenceBenchmark,10,10,True,False,32,256,1,80,3000,16000,512,False,True,1,512,512,False,True,0,1,fp16+fa2,NousResearch/Llama-2-7b-hf,text-generation,cuda,main,,False,False,1.14.1,,4.35.2,,0.24.1,,,,3.10.12,Linux, AMD EPYC 7742 64-Core Processor,128,540671,['NVIDIA A100-SXM4-80GB'],0.786,40.7,23347,23347,19487,21875,27.2,602.0,26.4,619.0,54047,54047,39331,84412,
17,process,optimum_benchmark.launchers.process.launcher.ProcessLauncher,spawn,pytorch,2.1.1+cu118,optimum_benchmark.backends.pytorch.backend.PyTorchBackend,42,,,True,1.0,False,True,,float16,True,True,False,,False,False,True,,False,False,,inference,optimum_benchmark.benchmarks.inference.benchmark.InferenceBenchmark,10,10,True,False,64,256,1,80,3000,16000,512,False,True,1,512,512,False,True,0,1,fp16+fa2,NousResearch/Llama-2-7b-hf,text-generation,cuda,main,,False,False,1.14.1,,4.35.2,,0.24.1,,,,3.10.12,Linux, AMD EPYC 7742 64-Core Processor,128,540671,['NVIDIA A100-SXM4-80GB'],1.56,41.0,31676,31676,25422,30205,46.3,708.0,44.7,732.0,67563,67563,65110,84422,
18,process,optimum_benchmark.launchers.process.launcher.ProcessLauncher,spawn,pytorch,2.1.1+cu118,optimum_benchmark.backends.pytorch.backend.PyTorchBackend,42,,,True,1.0,False,True,,float16,True,True,False,,False,False,True,,False,False,,inference,optimum_benchmark.benchmarks.inference.benchmark.InferenceBenchmark,10,10,True,False,8,256,1,80,3000,16000,512,False,True,1,512,512,False,True,0,1,fp16+fa2,NousResearch/Llama-2-7b-hf,text-generation,cuda,main,,False,False,1.14.1,,4.35.2,,0.24.1,,,,3.10.12,Linux, AMD EPYC 7742 64-Core Processor,128,540671,['NVIDIA A100-SXM4-80GB'],0.197,40.6,17139,17139,15037,15667,13.1,313.0,12.9,317.0,65229,65229,19997,63755,
19,process,optimum_benchmark.launchers.process.launcher.ProcessLauncher,spawn,pytorch,2.1.1+cu118,optimum_benchmark.backends.pytorch.backend.PyTorchBackend,42,,,True,1.0,False,True,,float16,True,True,False,,False,False,True,,False,False,,inference,optimum_benchmark.benchmarks.inference.benchmark.InferenceBenchmark,10,10,True,False,16,256,1,80,3000,16000,512,False,True,1,512,512,False,True,0,1,fp16+fa2,NousResearch/Llama-2-7b-hf,text-generation,cuda,main,,False,False,1.14.1,,4.35.2,,0.24.1,,,,3.10.12,Linux, AMD EPYC 7742 64-Core Processor,128,540671,['NVIDIA A100-SXM4-80GB'],0.392,40.8,19182,19182,16520,17710,17.2,476.0,16.8,487.0,28256,28256,26442,84404,
20,process,optimum_benchmark.launchers.process.launcher.ProcessLauncher,spawn,pytorch,2.1.1+cu118,optimum_benchmark.backends.pytorch.backend.PyTorchBackend,42,,,True,1.0,False,True,,float16,True,True,False,,False,False,True,,False,False,,inference,optimum_benchmark.benchmarks.inference.benchmark.InferenceBenchmark,10,10,True,False,2,256,1,80,3000,16000,512,False,True,1,512,512,False,True,0,1,fp16+fa2,NousResearch/Llama-2-7b-hf,text-generation,cuda,main,,False,False,1.14.1,,4.35.2,,0.24.1,,,,3.10.12,Linux, AMD EPYC 7742 64-Core Processor,128,540671,['NVIDIA A100-SXM4-80GB'],0.0548,36.5,15470,15470,13924,13998,13.0,78.8,12.9,79.2,17087,17087,15162,15613,
21,process,optimum_benchmark.launchers.process.launcher.ProcessLauncher,spawn,pytorch,2.1.1+cu121,optimum_benchmark.backends.pytorch.backend.PyTorchBackend,42,,,True,1.0,False,False,,float16,True,True,False,,False,False,False,gptq,False,False,,inference,optimum_benchmark.benchmarks.inference.benchmark.InferenceBenchmark,10,10,True,False,1,256,1,80,3000,16000,512,False,True,1,512,512,False,True,0,1,fp16+gptq+exllamav2,TheBloke/LLaMa-7B-GPTQ,text-generation,cuda,main,,False,False,1.14.1,,4.35.2,,0.24.1,,,,3.10.12,Linux, AMD EPYC 7742 64-Core Processor,128,540671,['NVIDIA A100-SXM4-80GB'],0.0457,21.9,6620,6620,4991,5144,14.5,35.3,14.5,35.2,7479,7479,5609,6004,2
22,process,optimum_benchmark.launchers.process.launcher.ProcessLauncher,spawn,pytorch,2.1.1+cu121,optimum_benchmark.backends.pytorch.backend.PyTorchBackend,42,,,True,1.0,False,False,,float16,True,True,False,,False,False,False,gptq,False,False,,inference,optimum_benchmark.benchmarks.inference.benchmark.InferenceBenchmark,10,10,True,False,4,256,1,80,3000,16000,512,False,True,1,512,512,False,True,0,1,fp16+gptq+exllamav2,TheBloke/LLaMa-7B-GPTQ,text-generation,cuda,main,,False,False,1.14.1,,4.35.2,,0.24.1,,,,3.10.12,Linux, AMD EPYC 7742 64-Core Processor,128,540671,['NVIDIA A100-SXM4-80GB'],0.122,32.8,7635,7635,5548,6159,15.1,136.0,15.0,136.0,17959,17959,8027,16483,2
23,process,optimum_benchmark.launchers.process.launcher.ProcessLauncher,spawn,pytorch,2.1.1+cu121,optimum_benchmark.backends.pytorch.backend.PyTorchBackend,42,,,True,1.0,False,False,,float16,True,True,False,,False,False,False,gptq,False,False,,inference,optimum_benchmark.benchmarks.inference.benchmark.InferenceBenchmark,10,10,True,False,32,256,1,80,3000,16000,512,False,True,1,512,512,False,True,0,1,fp16+gptq+exllamav2,TheBloke/LLaMa-7B-GPTQ,text-generation,cuda,main,,False,False,1.14.1,,4.35.2,,0.24.1,,,,3.10.12,Linux, AMD EPYC 7742 64-Core Processor,128,540671,['NVIDIA A100-SXM4-80GB'],0.833,38.4,15184,15184,10740,13709,35.8,458.0,35.0,467.0,45304,45304,30585,84418,2
24,process,optimum_benchmark.launchers.process.launcher.ProcessLauncher,spawn,pytorch,2.1.1+cu121,optimum_benchmark.backends.pytorch.backend.PyTorchBackend,42,,,True,1.0,False,False,,float16,True,True,False,,False,False,False,gptq,False,False,,inference,optimum_benchmark.benchmarks.inference.benchmark.InferenceBenchmark,10,10,True,False,64,256,1,80,3000,16000,512,False,True,1,512,512,False,True,0,1,fp16+gptq+exllamav2,TheBloke/LLaMa-7B-GPTQ,text-generation,cuda,main,,False,False,1.14.1,,4.35.2,,0.24.1,,,,3.10.12,Linux, AMD EPYC 7742 64-Core Processor,128,540671,['NVIDIA A100-SXM4-80GB'],1.61,39.8,23439,23439,16675,21963,53.4,614.0,51.8,631.0,59111,59111,56364,84418,2
25,process,optimum_benchmark.launchers.process.launcher.ProcessLauncher,spawn,pytorch,2.1.1+cu121,optimum_benchmark.backends.pytorch.backend.PyTorchBackend,42,,,True,1.0,False,False,,float16,True,True,False,,False,False,False,gptq,False,False,,inference,optimum_benchmark.benchmarks.inference.benchmark.InferenceBenchmark,10,10,True,False,8,256,1,80,3000,16000,512,False,True,1,512,512,False,True,0,1,fp16+gptq+exllamav2,TheBloke/LLaMa-7B-GPTQ,text-generation,cuda,main,,False,False,1.14.1,,4.35.2,,0.24.1,,,,3.10.12,Linux, AMD EPYC 7742 64-Core Processor,128,540671,['NVIDIA A100-SXM4-80GB'],0.223,35.9,8700,8700,6289,7224,15.3,268.0,15.1,271.0,56502,56502,11250,55027,2
26,process,optimum_benchmark.launchers.process.launcher.ProcessLauncher,spawn,pytorch,2.1.1+cu121,optimum_benchmark.backends.pytorch.backend.PyTorchBackend,42,,,True,1.0,False,False,,float16,True,True,False,,False,False,False,gptq,False,False,,inference,optimum_benchmark.benchmarks.inference.benchmark.InferenceBenchmark,10,10,True,False,16,256,1,80,3000,16000,512,False,True,1,512,512,False,True,0,1,fp16+gptq+exllamav2,TheBloke/LLaMa-7B-GPTQ,text-generation,cuda,main,,False,False,1.14.1,,4.35.2,,0.24.1,,,,3.10.12,Linux, AMD EPYC 7742 64-Core Processor,128,540671,['NVIDIA A100-SXM4-80GB'],0.425,37.6,10866,10866,7772,9391,20.5,400.0,20.1,407.0,65550,65550,17694,84385,2
27,process,optimum_benchmark.launchers.process.launcher.ProcessLauncher,spawn,pytorch,2.1.1+cu121,optimum_benchmark.backends.pytorch.backend.PyTorchBackend,42,,,True,1.0,False,False,,float16,True,True,False,,False,False,False,gptq,False,False,,inference,optimum_benchmark.benchmarks.inference.benchmark.InferenceBenchmark,10,10,True,False,2,256,1,80,3000,16000,512,False,True,1,512,512,False,True,0,1,fp16+gptq+exllamav2,TheBloke/LLaMa-7B-GPTQ,text-generation,cuda,main,,False,False,1.14.1,,4.35.2,,0.24.1,,,,3.10.12,Linux, AMD EPYC 7742 64-Core Processor,128,540671,['NVIDIA A100-SXM4-80GB'],0.0708,28.2,6745,6745,5176,5270,14.7,69.7,14.6,70.0,8696,8696,6414,7220,2
28,process,optimum_benchmark.launchers.process.launcher.ProcessLauncher,spawn,pytorch,2.1.1+cu121,optimum_benchmark.backends.pytorch.backend.PyTorchBackend,42,,,True,1.0,False,True,,float16,True,True,False,,False,False,False,gptq,False,False,,inference,optimum_benchmark.benchmarks.inference.benchmark.InferenceBenchmark,10,10,True,False,1,256,1,80,3000,16000,512,False,True,1,512,512,False,True,0,1,fp16+gptq+exllamav1,TheBloke/LLaMa-7B-GPTQ,text-generation,cuda,main,,False,False,1.14.1,,4.35.2,,0.24.1,,,,3.10.12,Linux, AMD EPYC 7742 64-Core Processor,128,540671,['NVIDIA A100-SXM4-80GB'],0.0416,24.0,5892,5892,4265,4416,14.6,35.1,14.6,35.0,6752,6752,4883,5276,1
29,process,optimum_benchmark.launchers.process.launcher.ProcessLauncher,spawn,pytorch,2.1.1+cu121,optimum_benchmark.backends.pytorch.backend.PyTorchBackend,42,,,True,1.0,False,True,,float16,True,True,False,,False,False,False,gptq,False,False,,inference,optimum_benchmark.benchmarks.inference.benchmark.InferenceBenchmark,10,10,True,False,4,256,1,80,3000,16000,512,False,True,1,512,512,False,True,0,1,fp16+gptq+exllamav1,TheBloke/LLaMa-7B-GPTQ,text-generation,cuda,main,,False,False,1.14.1,,4.35.2,,0.24.1,,,,3.10.12,Linux, AMD EPYC 7742 64-Core Processor,128,540671,['NVIDIA A100-SXM4-80GB'],0.106,37.7,6907,6907,4822,5431,15.5,132.0,15.4,133.0,17231,17231,7301,15755,1
30,process,optimum_benchmark.launchers.process.launcher.ProcessLauncher,spawn,pytorch,2.1.1+cu121,optimum_benchmark.backends.pytorch.backend.PyTorchBackend,42,,,True,1.0,False,True,,float16,True,True,False,,False,False,False,gptq,False,False,,inference,optimum_benchmark.benchmarks.inference.benchmark.InferenceBenchmark,10,10,True,False,32,256,1,80,3000,16000,512,False,True,1,512,512,False,True,0,1,fp16+gptq+exllamav1,TheBloke/LLaMa-7B-GPTQ,text-generation,cuda,main,,False,False,1.14.1,,4.35.2,,0.24.1,,,,3.10.12,Linux, AMD EPYC 7742 64-Core Processor,128,540671,['NVIDIA A100-SXM4-80GB'],0.688,46.5,14457,14457,10014,12981,33.0,496.0,32.3,506.0,32224,32224,29858,84420,1
31,process,optimum_benchmark.launchers.process.launcher.ProcessLauncher,spawn,pytorch,2.1.1+cu121,optimum_benchmark.backends.pytorch.backend.PyTorchBackend,42,,,True,1.0,False,True,,float16,True,True,False,,False,False,False,gptq,False,False,,inference,optimum_benchmark.benchmarks.inference.benchmark.InferenceBenchmark,10,10,True,False,64,256,1,80,3000,16000,512,False,True,1,512,512,False,True,0,1,fp16+gptq+exllamav1,TheBloke/LLaMa-7B-GPTQ,text-generation,cuda,main,,False,False,1.14.1,,4.35.2,,0.24.1,,,,3.10.12,Linux, AMD EPYC 7742 64-Core Processor,128,540671,['NVIDIA A100-SXM4-80GB'],1.32,48.5,22711,22711,15949,21235,51.1,641.0,49.8,657.0,83617,83617,55638,84418,1
32,process,optimum_benchmark.launchers.process.launcher.ProcessLauncher,spawn,pytorch,2.1.1+cu121,optimum_benchmark.backends.pytorch.backend.PyTorchBackend,42,,,True,1.0,False,True,,float16,True,True,False,,False,False,False,gptq,False,False,,inference,optimum_benchmark.benchmarks.inference.benchmark.InferenceBenchmark,10,10,True,False,8,256,1,80,3000,16000,512,False,True,1,512,512,False,True,0,1,fp16+gptq+exllamav1,TheBloke/LLaMa-7B-GPTQ,text-generation,cuda,main,,False,False,1.14.1,,4.35.2,,0.24.1,,,,3.10.12,Linux, AMD EPYC 7742 64-Core Processor,128,540671,['NVIDIA A100-SXM4-80GB'],0.191,41.9,7972,7972,5563,6496,19.6,209.0,19.4,211.0,55775,55775,10524,54299,1
33,process,optimum_benchmark.launchers.process.launcher.ProcessLauncher,spawn,pytorch,2.1.1+cu121,optimum_benchmark.backends.pytorch.backend.PyTorchBackend,42,,,True,1.0,False,True,,float16,True,True,False,,False,False,False,gptq,False,False,,inference,optimum_benchmark.benchmarks.inference.benchmark.InferenceBenchmark,10,10,True,False,16,256,1,80,3000,16000,512,False,True,1,512,512,False,True,0,1,fp16+gptq+exllamav1,TheBloke/LLaMa-7B-GPTQ,text-generation,cuda,main,,False,False,1.14.1,,4.35.2,,0.24.1,,,,3.10.12,Linux, AMD EPYC 7742 64-Core Processor,128,540671,['NVIDIA A100-SXM4-80GB'],0.356,44.9,10137,10137,7046,8661,24.6,333.0,24.2,338.0,59378,59378,16969,84406,1
34,process,optimum_benchmark.launchers.process.launcher.ProcessLauncher,spawn,pytorch,2.1.1+cu121,optimum_benchmark.backends.pytorch.backend.PyTorchBackend,42,,,True,1.0,False,True,,float16,True,True,False,,False,False,False,gptq,False,False,,inference,optimum_benchmark.benchmarks.inference.benchmark.InferenceBenchmark,10,10,True,False,2,256,1,80,3000,16000,512,False,True,1,512,512,False,True,0,1,fp16+gptq+exllamav1,TheBloke/LLaMa-7B-GPTQ,text-generation,cuda,main,,False,False,1.14.1,,4.35.2,,0.24.1,,,,3.10.12,Linux, AMD EPYC 7742 64-Core Processor,128,540671,['NVIDIA A100-SXM4-80GB'],0.0621,32.2,6018,6018,4450,4542,14.8,69.2,14.7,69.5,7968,7968,5688,6492,1
